{
    "best_model": "Random Forest",
    "best_f1": 0.9979296066252588,
    "best_accuracy": 0.9998828079221844
}