,accuracy,roc_auc,precision,recall,f1
Baseline,0.8600726590882456,0.7461984055020787,0.10974610974610975,0.5560165975103735,0.18331053351573187
Random Forest,0.9998828079221844,1.0,0.9958677685950413,1.0,0.9979296066252588
XGBoost,0.9995312316887378,0.999988490631374,0.9836734693877551,1.0,0.9917695473251029
LightGBM,0.9985936950662135,0.9999634702647956,0.9872340425531915,0.9626556016597511,0.9747899159663865
ANN,0.9710535567795617,0.7394529146725435,0.48333333333333334,0.36099585062240663,0.41330166270783847
LSTM,0.9473807570608227,0.7629725596635661,0.22916666666666666,0.3651452282157676,0.2816
Transformers,0.939646079924997,0.7652619232054892,0.21338912133891214,0.42323651452282157,0.28372739916550765
